review_id,created_at,user_username
32,2024-08-11 16:28:31.807258,bigboydeluxe
132,2024-08-11 20:23:20.127053,user1
8,2024-08-11 20:23:20.127053,user13
13,2024-08-11 20:23:20.127053,user14
133,2024-08-11 20:23:20.127053,user15
9,2024-08-11 20:23:20.127053,user16
134,2024-08-11 20:23:20.127053,user17
16,2024-08-11 20:23:20.127053,user18
135,2024-08-11 20:23:20.127053,user19
17,2024-08-11 20:23:20.127053,user20
136,2024-08-11 20:23:20.127053,user21
18,2024-08-11 20:23:20.127053,user22
137,2024-08-11 20:23:20.127053,user23
19,2024-08-11 20:23:20.127053,user24
20,2024-08-11 20:23:20.127053,user25
21,2024-08-11 20:23:20.127053,user26
22,2024-08-11 20:23:20.127053,user27
23,2024-08-11 20:23:20.127053,user28
24,2024-08-11 20:23:20.127053,user29
25,2024-08-11 20:23:20.127053,user30
131,2024-08-11 20:23:20.127053,bigboydeluxe
7,2024-08-11 20:23:20.127053,user2
10,2024-08-11 20:23:20.127053,user3
140,2024-08-11 20:23:20.127053,user4
141,2024-08-11 20:23:20.127053,user5
26,2024-08-11 20:23:20.127053,user6
145,2024-08-11 20:23:20.127053,user7
30,2024-08-11 20:23:20.127053,user8
143,2024-08-11 20:23:20.127053,user9
144,2024-08-11 20:23:20.127053,user10
149,2024-08-11 20:23:20.127053,user11
31,2024-08-11 20:23:20.127053,user12
27,2024-08-11 20:23:20.127053,user1
146,2024-08-11 20:23:20.127053,user13
28,2024-08-11 20:23:20.127053,user14
147,2024-08-11 20:23:20.127053,user15
29,2024-08-11 20:23:20.127053,user16
148,2024-08-11 20:23:20.127053,user17
150,2024-08-11 20:23:20.127053,user18
32,2024-08-11 20:23:20.127053,user19
152,2024-08-11 20:23:20.127053,user20
33,2024-08-11 20:23:20.127053,user21
151,2024-08-11 20:23:20.127053,user22
153,2024-08-11 20:23:20.127053,user23
34,2024-08-11 20:23:20.127053,user24
155,2024-08-11 20:23:20.127053,user25
36,2024-08-11 20:23:20.127053,user26
154,2024-08-11 20:23:20.127053,user27
38,2024-08-11 20:23:20.127053,user28
37,2024-08-11 20:23:20.127053,user29
40,2024-08-11 20:23:20.127053,user30
138,2024-08-11 20:23:20.127053,user2
139,2024-08-11 20:23:20.127053,user3
142,2024-08-11 20:23:20.127053,user4
83,2024-08-11 20:23:20.127053,user5
80,2024-08-11 20:23:20.127053,user6
81,2024-08-11 20:23:20.127053,user7
14,2024-08-11 20:23:20.127053,user8
82,2024-08-11 20:23:20.127053,user9
84,2024-08-11 20:23:20.127053,user10
85,2024-08-11 20:23:20.127053,user11
86,2024-08-11 20:23:20.127053,user12
87,2024-08-11 20:23:20.127053,user1
88,2024-08-11 20:23:20.127053,user13
89,2024-08-11 20:23:20.127053,user14
92,2024-08-11 20:23:20.127053,user15
159,2024-08-11 20:23:20.127053,user16
90,2024-08-11 20:23:20.127053,user17
91,2024-08-11 20:23:20.127053,user18
93,2024-08-11 20:23:20.127053,user19
94,2024-08-11 20:23:20.127053,user20
95,2024-08-11 20:23:20.127053,user21
156,2024-08-11 20:23:20.127053,user22
157,2024-08-11 20:23:20.127053,user23
130,2024-08-11 20:23:20.127053,user24
6,2024-08-11 20:23:20.127053,user25
11,2024-08-11 20:23:20.127053,user26
35,2024-08-11 20:23:20.127053,user27
79,2024-08-11 20:23:20.127053,user28
12,2024-08-11 20:23:20.127053,user29
158,2024-08-11 20:23:20.127053,user30
15,2024-08-11 20:23:20.127053,user2
96,2024-08-11 20:23:20.127053,user3
97,2024-08-11 20:23:20.127053,user4
99,2024-08-11 20:23:20.127053,user5
100,2024-08-11 20:23:20.127053,user6
8,2024-08-11 20:24:48.346537,user7
13,2024-08-11 20:24:48.346537,user8
133,2024-08-11 20:24:48.346537,user9
9,2024-08-11 20:24:48.346537,user10
134,2024-08-11 20:24:48.346537,user11
16,2024-08-11 20:24:48.346537,user12
135,2024-08-11 20:24:48.346537,user13
17,2024-08-11 20:24:48.346537,user14
136,2024-08-11 20:24:48.346537,user15
18,2024-08-11 20:24:48.346537,user16
137,2024-08-11 20:24:48.346537,user17
19,2024-08-11 20:24:48.346537,user18
20,2024-08-11 20:24:48.346537,user19
21,2024-08-11 20:24:48.346537,user20
22,2024-08-11 20:24:48.346537,user21
23,2024-08-11 20:24:48.346537,user22
24,2024-08-11 20:24:48.346537,user23
25,2024-08-11 20:24:48.346537,user24
131,2024-08-11 20:24:48.346537,user25
7,2024-08-11 20:24:48.346537,user26
10,2024-08-11 20:24:48.346537,user27
140,2024-08-11 20:24:48.346537,user28
141,2024-08-11 20:24:48.346537,user29
26,2024-08-11 20:24:48.346537,user30
145,2024-08-11 20:24:48.346537,bigboydeluxe
30,2024-08-11 20:24:48.346537,user2
143,2024-08-11 20:24:48.346537,user3
144,2024-08-11 20:24:48.346537,user4
149,2024-08-11 20:24:48.346537,user5
31,2024-08-11 20:24:48.346537,user6
36,2024-08-11 20:24:58.701389,bigboydeluxe
158,2024-08-11 20:25:05.685254,bigboydeluxe
155,2024-08-11 20:25:07.734094,bigboydeluxe
142,2024-08-11 20:25:09.68433,bigboydeluxe
27,2024-08-11 20:24:48.346537,user7
146,2024-08-11 20:24:48.346537,user8
28,2024-08-11 20:24:48.346537,user9
147,2024-08-11 20:24:48.346537,user10
29,2024-08-11 20:24:48.346537,user11
148,2024-08-11 20:24:48.346537,user12
150,2024-08-11 20:24:48.346537,user13
32,2024-08-11 20:24:48.346537,user14
152,2024-08-11 20:24:48.346537,user15
33,2024-08-11 20:24:48.346537,user16
151,2024-08-11 20:24:48.346537,user17
153,2024-08-11 20:24:48.346537,user18
34,2024-08-11 20:24:48.346537,user19
155,2024-08-11 20:24:48.346537,user20
36,2024-08-11 20:24:48.346537,user21
154,2024-08-11 20:24:48.346537,user22
38,2024-08-11 20:24:48.346537,user23
37,2024-08-11 20:24:48.346537,user24
40,2024-08-11 20:24:48.346537,user25
39,2024-08-11 20:24:48.346537,user26
138,2024-08-11 20:24:48.346537,user27
139,2024-08-11 20:24:48.346537,user28
142,2024-08-11 20:24:48.346537,user29
83,2024-08-11 20:24:48.346537,user30
80,2024-08-11 20:24:48.346537,bigboydeluxe
81,2024-08-11 20:24:48.346537,user2
14,2024-08-11 20:24:48.346537,user3
82,2024-08-11 20:24:48.346537,user4
84,2024-08-11 20:24:48.346537,user5
85,2024-08-11 20:24:48.346537,user6
86,2024-08-11 20:24:48.346537,user7
87,2024-08-11 20:24:48.346537,user8
88,2024-08-11 20:24:48.346537,user9
89,2024-08-11 20:24:48.346537,user10
92,2024-08-11 20:24:48.346537,user11
159,2024-08-11 20:24:48.346537,user12
90,2024-08-11 20:24:48.346537,user13
91,2024-08-11 20:24:48.346537,user14
93,2024-08-11 20:24:48.346537,user15
94,2024-08-11 20:24:48.346537,user16
95,2024-08-11 20:24:48.346537,user17
156,2024-08-11 20:24:48.346537,user18
157,2024-08-11 20:24:48.346537,user19
130,2024-08-11 20:24:48.346537,user20
6,2024-08-11 20:24:48.346537,user21
11,2024-08-11 20:24:48.346537,user22
35,2024-08-11 20:24:48.346537,user23
79,2024-08-11 20:24:48.346537,user24
12,2024-08-11 20:24:48.346537,user25
158,2024-08-11 20:24:48.346537,user26
15,2024-08-11 20:24:48.346537,user28
96,2024-08-11 20:24:48.346537,user29
97,2024-08-11 20:24:48.346537,user30
99,2024-08-11 20:24:48.346537,bigboydeluxe
100,2024-08-11 20:24:48.346537,user2
132,2024-08-11 20:24:48.346537,user3
13,2024-08-11 20:24:48.346537,user4
133,2024-08-11 20:24:48.346537,user5
9,2024-08-11 20:24:48.346537,user6
134,2024-08-11 20:24:48.346537,user7
16,2024-08-11 20:24:48.346537,user8
135,2024-08-11 20:24:48.346537,user9
17,2024-08-11 20:24:48.346537,user10
136,2024-08-11 20:24:48.346537,user11
37,2024-08-11 21:40:32.160086,bigboydeluxe
162,2024-08-11 21:44:33.539417,bigboydeluxe
162,2024-08-11 23:27:00.438579,bigboydeluxe
87,2024-08-11 23:34:01.378111,wayala
141,2024-08-12 16:55:45.143755,bigboydeluxe
163,2024-08-12 16:56:09.247447,bigboydeluxe
159,2024-08-12 22:35:54.079814,bigboydeluxe
158,2024-08-12 22:36:41.829051,bigboydeluxe
144,2024-08-12 22:36:44.128697,bigboydeluxe
166,2024-08-12 22:36:51.975034,bigboydeluxe
165,2024-08-12 22:36:53.611995,bigboydeluxe
40,2024-08-12 22:37:00.913669,bigboydeluxe
167,2024-08-15 15:37:21.780379,bigboydeluxe
